[
  {
    "id": "1",
    "question": "Ai là người sáng lập ra Facebook?",
    "type": "single",
    "options": [
      "Mark Zuckerberg",
      "Bill Gates", 
      "Steve Jobs",
      "Elon Musk"
    ],
    "correctAnswer": [0],
    "category": "Công nghệ"
  },
  {
    "id": "2",
    "question": "Ngôn ngữ lập trình nào được sử dụng để phát triển web frontend?",
    "type": "multiple",
    "options": [
      "JavaScript",
      "Python",
      "HTML", 
      "CSS",
      "Java"
    ],
    "correctAnswer": [0, 2, 3],
    "category": "Lập trình"
  },
  {
    "id": "3", 
    "question": "Thủ đô của Việt Nam là gì?",
    "type": "single",
    "options": [
      "Hồ Chí Minh",
      "Hà Nội",
      "Đà Nẵng", 
      "Cần Thơ"
    ],
    "correctAnswer": [1],
    "category": "Địa lý"
  },
  {
    "id": "4",
    "question": "Những ngôn ngữ nào thuộc họ ngôn ngữ C?",
    "type": "multiple", 
    "options": [
      "C++",
      "C#",
      "Python",
      "Objective-C",
      "JavaScript"
    ],
    "correctAnswer": [0, 1, 3],
    "category": "Lập trình"
  },
  {
    "id": "5",
    "question": "Năm nào Việt Nam gia nhập ASEAN?",
    "type": "single",
    "options": [
      "1995",
      "1997", 
      "1999",
      "2001"
    ],
    "correctAnswer": [0],
    "category": "Lịch sử"
  },
  {
    "id": "6",
    "question": "Các framework JavaScript phổ biến cho frontend bao gồm:",
    "type": "multiple",
    "options": [
      "React",
      "Vue.js",
      "Angular",
      "Django", 
      "Laravel"
    ],
    "correctAnswer": [0, 1, 2],
    "category": "Lập trình"
  },
  {
    "id": "7",
    "question": "Đơn vị tiền tệ của Nhật Bản là gì?",
    "type": "single", 
    "options": [
      "Won",
      "Yuan",
      "Yen",
      "Rupiah"
    ],
    "correctAnswer": [2],
    "category": "Kinh tế"
  },
  {
    "id": "8",
    "question": "Những hệ điều hành nào là mã nguồn mở?",
    "type": "multiple",
    "options": [
      "Linux",
      "Windows",
      "macOS", 
      "Ubuntu",
      "FreeBSD"
    ],
    "correctAnswer": [0, 3, 4],
    "category": "Công nghệ"
  },
  {
    "id": "9",
    "question": "Ai là tác giả của tiểu thuyết 'Số đỏ'?",
    "type": "single",
    "options": [
      "Nguyễn Du",
      "Vũ Trọng Phụng", 
      "Nam Cao",
      "Ngô Tất Tố"
    ],
    "correctAnswer": [1],
    "category": "Văn học"
  },
  {
    "id": "10",
    "question": "Các loại database phổ biến bao gồm:",
    "type": "multiple",
    "options": [
      "MySQL",
      "PostgreSQL",
      "MongoDB",
      "Photoshop",
      "Redis"
    ],
    "correctAnswer": [0, 1, 2, 4],
    "category": "Cơ sở dữ liệu"
  }
] 